,album,artists,duration_ms,id,name,popularity,artist_id
0,"{'album_type': 'album', 'name': 'Dare', 'release_date': '2016-09-09', 'total_tracks': 10, 'uri': 'spotify:album:6A0wlnsc6rjAi8RSnXNxOR'}",Northeast Party House,233169,3U0obDja5mKtcqPJdWEku3,Calypso Beach,0,500YRyClzP6Z7HtWd1BIje
1,"{'album_type': 'album', 'name': 'Quiet Ferocity', 'release_date': '2017-07-07', 'total_tracks': 10, 'uri': 'spotify:album:0RSKnjggldZx2NrKSOD913'}",The Jungle Giants,271840,6lVhkY4iqf1GF5z6lu3mlp,Bad Dream,52,6wFwvxJkurQPU2UdeD4qVt
2,"{'album_type': 'album', 'name': 'Dare', 'release_date': '2016-09-09', 'total_tracks': 10, 'uri': 'spotify:album:6A0wlnsc6rjAi8RSnXNxOR'}",Northeast Party House,256052,169C3YdZTSIHQYEiLOnhLv,For You,0,500YRyClzP6Z7HtWd1BIje
3,"{'album_type': 'single', 'name': 'Money', 'release_date': '2019-02-01', 'total_tracks': 1, 'uri': 'spotify:album:0I2PCfEg6gVwLrzo4pqetY'}",Lime Cordiale,238180,3TagnFgHBtDptVaDGuzH3a,Money,45,6yrtCy4XJHXM6tczo4RlTs
4,"{'album_type': 'album', 'name': 'Any Given Weekend', 'release_date': '2014-05-16', 'total_tracks': 10, 'uri': 'spotify:album:7hneBMZk8fkf0fQ4eO1Vq9'}",Northeast Party House,248418,398LeBTx6SFocnICsrMdFW,The Haunted,0,500YRyClzP6Z7HtWd1BIje
5,"{'album_type': 'album', 'name': 'Quiet Ferocity', 'release_date': '2017-07-07', 'total_tracks': 10, 'uri': 'spotify:album:0RSKnjggldZx2NrKSOD913'}",The Jungle Giants,222786,290xSzR8Ee9fm82poMg4od,Used to Be in Love,66,6wFwvxJkurQPU2UdeD4qVt
6,"{'album_type': 'single', 'name': 'Do It Like You', 'release_date': '2018-11-01', 'total_tracks': 1, 'uri': 'spotify:album:4PKH86wn7Gw4iel2WD564k'}",Crooked Colours,190624,5h1Gi50T9QxVfzvIF8vciC,Do It Like You,40,0aA1GTrIMutjIh4GlPPUVN
7,"{'album_type': 'single', 'name': 'Not That Easy', 'release_date': '2015-10-09', 'total_tracks': 1, 'uri': 'spotify:album:1pGCIXJQu3aPDDwAZk9sR3'}",Lime Cordiale,221333,6InKbhfioifh4w1IhOIXmJ,Not That Easy,54,6yrtCy4XJHXM6tczo4RlTs
8,"{'album_type': 'single', 'name': 'Client Liaison', 'release_date': '2014-09-05', 'total_tracks': 6, 'uri': 'spotify:album:4hVgANBVAWqCK6MoDTdZcv'}",Client Liaison,242785,2feaQfOvwyW5nP1biWHCPN,Pretty Lovers,0,5TjlxSJvfrD5I2PWaEh4jZ
9,"{'album_type': 'album', 'name': 'Permanent Vacation', 'release_date': '2017-10-13', 'total_tracks': 13, 'uri': 'spotify:album:5YlzKbkGoIIFnBOnYwU3kl'}",Lime Cordiale,227102,2GgheTnANGaxrgZ5oLMK3x,Up In The Air,38,6yrtCy4XJHXM6tczo4RlTs
10,"{'album_type': 'album', 'name': 'Diplomatic Immunity', 'release_date': '2016-11-04', 'total_tracks': 11, 'uri': 'spotify:album:6bVfL15vIzZ2z3inq48yIY'}",Client Liaison,322766,4VDCrRKNwWJ6Rk3vkqRGL0,Canberra Won't Be Calling Tonight,0,5TjlxSJvfrD5I2PWaEh4jZ
11,"{'album_type': 'single', 'name': 'Arty Boy', 'release_date': '2017-06-21', 'total_tracks': 1, 'uri': 'spotify:album:3YdSyYST26gzK4Ughdiyzg'}",Flight Facilities,232188,1qmMkomyEV6TRbYHuS6ZdM,Arty Boy,0,1lc8mnyGrCLtPhCoWjRxjM
12,"{'album_type': 'album', 'name': 'Diplomatic Immunity', 'release_date': '2016-11-04', 'total_tracks': 11, 'uri': 'spotify:album:6bVfL15vIzZ2z3inq48yIY'}",Client Liaison,276992,5mj9qMqjg5qWhbt44f09nY,Wild Life,0,5TjlxSJvfrD5I2PWaEh4jZ
13,"{'album_type': 'single', 'name': 'Need You', 'release_date': '2018-02-28', 'total_tracks': 1, 'uri': 'spotify:album:0KyCRAvPQ5t4nPmdHI1PLx'}",Flight Facilities,200525,3EBHcU11daLLlDIUc6jHfB,Need You,0,1lc8mnyGrCLtPhCoWjRxjM
14,"{'album_type': 'single', 'name': 'Inappropriate Behaviour', 'release_date': '2019-05-17', 'total_tracks': 1, 'uri': 'spotify:album:5ba8H8cdgeBRItvryKyzoY'}",Lime Cordiale,253066,0Ma58HrmhNi0UrOCnAXXBt,Inappropriate Behaviour,48,6yrtCy4XJHXM6tczo4RlTs
15,"{'album_type': 'album', 'name': 'Quiet Ferocity', 'release_date': '2017-07-07', 'total_tracks': 10, 'uri': 'spotify:album:0RSKnjggldZx2NrKSOD913'}",The Jungle Giants,205146,0TVwMTKyuSp41ytctKTA3T,Feel the Way I Do,59,6wFwvxJkurQPU2UdeD4qVt
16,"{'album_type': 'single', 'name': 'Solid Gold', 'release_date': '2019-05-01', 'total_tracks': 1, 'uri': 'spotify:album:3g0mfsWlOOUNheV5L3kQKs'}",PNAU,208367,7DQ5CZjAQdhgDgdnSXxJ7Z,Solid Gold,57,6n28c9qs9hNGriNa72b26u
17,"{'album_type': 'single', 'name': 'Heavy Hearted', 'release_date': '2019-07-08', 'total_tracks': 1, 'uri': 'spotify:album:6TqyOjnzxtdboeo8XiSYcj'}",The Jungle Giants,256581,3yXgttblOo006gd4eGOvw1,Heavy Hearted,54,6wFwvxJkurQPU2UdeD4qVt
18,"{'album_type': 'album', 'name': 'Permanent Vacation', 'release_date': '2017-10-13', 'total_tracks': 13, 'uri': 'spotify:album:5YlzKbkGoIIFnBOnYwU3kl'}",Lime Cordiale,208980,3DCU0R5FFaB9GKxZERb5wr,Temper Temper,67,6yrtCy4XJHXM6tczo4RlTs
19,"{'album_type': 'album', 'name': 'Quiet Ferocity', 'release_date': '2017-07-07', 'total_tracks': 10, 'uri': 'spotify:album:0RSKnjggldZx2NrKSOD913'}",The Jungle Giants,225000,6ECcJlfjh2F1LJxe74qKnJ,On Your Way Down,58,6wFwvxJkurQPU2UdeD4qVt
20,"{'album_type': 'single', 'name': 'Starlight', 'release_date': '2018-09-21', 'total_tracks': 1, 'uri': 'spotify:album:3oCkgF8JN5ZsxAKGZU4U1f'}",SAFIA,242747,3nqVMuqHr47plQkOn4pfu5,Starlight,35,1y07gMlsfAdz2KOvZzyUTB
21,"{'album_type': 'album', 'name': 'Parcels', 'release_date': '2018-10-12', 'total_tracks': 12, 'uri': 'spotify:album:6tNAnVG8xrmMbINuWutrNy'}",Parcels,181492,2pC4aF8VvXFapppROIALIW,Tieduprightnow,53,3oKRxpszQKUjjaHz388fVA
22,"{'album_type': 'single', 'name': 'When I’m Around You', 'release_date': '2019-02-08', 'total_tracks': 1, 'uri': 'spotify:album:3ECrboeSffBx7IYNtg1HsS'}",Running Touch,203782,2MYTYXJXUj3YeCsGfiIdRq,When I'm Around You,57,5bdwzvp6eirvqh0TwOwjgE
23,"{'album_type': 'album', 'name': 'Cub Sport', 'release_date': '2019-01-18', 'total_tracks': 15, 'uri': 'spotify:album:4Hm95VjwQJOKi5z4GIExhI'}",Cub Sport,153685,2sqpbFR2bFI9nyJS5hqax1,Sometimes,47,6vqMDhoigg5btfdPsPTVFt
24,"{'album_type': 'single', 'name': 'The Real Thing', 'release_date': '2019-08-01', 'total_tracks': 1, 'uri': 'spotify:album:2hCrrOI0a8vDkTLjyHfwNF'}",Client Liaison,268508,2lKYeA3NUMNtMSZUlqlwye,The Real Thing,39,5TjlxSJvfrD5I2PWaEh4jZ
25,"{'album_type': 'single', 'name': 'Older', 'release_date': '2016-11-25', 'total_tracks': 1, 'uri': 'spotify:album:1W9LBC7i9su2Q5ioA1jf7f'}",Parcels,207192,0bkNJm3BcQyHpytMI7a3TX,Older,0,3oKRxpszQKUjjaHz388fVA
26,"{'album_type': 'album', 'name': 'Vera', 'release_date': '2017-06-23', 'total_tracks': 10, 'uri': 'spotify:album:0nHLhtFuslOav8hdjiq8b6'}",Crooked Colours,288651,0BQ0ZzRiojTMbWeMbNw6LF,Flow,46,0aA1GTrIMutjIh4GlPPUVN
27,"{'album_type': 'album', 'name': 'Learn to Exist', 'release_date': '2013-08-30', 'total_tracks': 12, 'uri': 'spotify:album:3DWhWfiW17a3UbKhdGCyyt'}",The Jungle Giants,221493,4xy9nsO8EX4OR0c6lf0WFu,She's a Riot,63,6wFwvxJkurQPU2UdeD4qVt
28,"{'album_type': 'single', 'name': 'Borderline', 'release_date': '2019-04-12', 'total_tracks': 1, 'uri': 'spotify:album:5zGidcaAvNahQrYhyQwAQn'}",Tame Impala,274293,3O8X1DE9btbzy4UH9cSX9a,Borderline,0,5INjqkS1o8h1imAzPqGZBb
29,"{'album_type': 'album', 'name': 'Between Us', 'release_date': '2019-06-14', 'total_tracks': 11, 'uri': 'spotify:album:6mjVNuxWS73gi2nPvvtJFB'}",Hayden James,217296,0feV26ESzVptPP83N82VAO,NUMB,59,4csQIMQm6vI2A2SCVDuM2z
30,"{'album_type': 'single', 'name': 'Magnify', 'release_date': '2019-07-26', 'total_tracks': 1, 'uri': 'spotify:album:4gGoJI1QkvLOEDORELmAGX'}",Northeast Party House,214064,0X4jl7YzCThdCgYT9Enj9i,Magnify,34,500YRyClzP6Z7HtWd1BIje
31,"{'album_type': 'album', 'name': 'Internal', 'release_date': '2016-09-09', 'total_tracks': 12, 'uri': 'spotify:album:53FdGlHs0CJutvm6k1FQOe'}",SAFIA,245666,34wyGSk9mbzpLCZ1szMMfD,Make Them Wheels Roll,48,1y07gMlsfAdz2KOvZzyUTB
32,"{'album_type': 'album', 'name': 'Dare', 'release_date': '2016-09-09', 'total_tracks': 10, 'uri': 'spotify:album:6A0wlnsc6rjAi8RSnXNxOR'}",Northeast Party House,267765,1TLbwkHGgiktmxkqZTygZP,Heartbreaker,0,500YRyClzP6Z7HtWd1BIje
33,"{'album_type': 'album', 'name': 'Internal', 'release_date': '2016-09-09', 'total_tracks': 12, 'uri': 'spotify:album:53FdGlHs0CJutvm6k1FQOe'}",SAFIA,257353,3HlMawlrt0QUY1Fynv4upQ,My Love Is Gone,38,1y07gMlsfAdz2KOvZzyUTB
34,"{'album_type': 'single', 'name': 'Robbery', 'release_date': '2019-09-20', 'total_tracks': 1, 'uri': 'spotify:album:44z3Y440N9zArT55GONVBe'}",Lime Cordiale,223233,4SRtBFocTtcaWP3etJb7GK,Robbery,51,6yrtCy4XJHXM6tczo4RlTs
35,"{'album_type': 'album', 'name': 'Dare', 'release_date': '2016-09-09', 'total_tracks': 10, 'uri': 'spotify:album:6A0wlnsc6rjAi8RSnXNxOR'}",Northeast Party House,203720,1cZAvf9K3jiIgNXtwPDMru,Your House,0,500YRyClzP6Z7HtWd1BIje
36,"{'album_type': 'single', 'name': 'Hanging Upside Down', 'release_date': '2015-01-21', 'total_tracks': 1, 'uri': 'spotify:album:5SBu0wTupEiUQn0zMW1Zrk'}",Lime Cordiale,231320,37Kj037Is4AcOvj3vwzN7Z,Hanging Upside Down,55,6yrtCy4XJHXM6tczo4RlTs
37,"{'album_type': 'album', 'name': 'My Own Pool of Light', 'release_date': '2019-08-02', 'total_tracks': 12, 'uri': 'spotify:album:4u59azivupUe4l6CDbwfxf'}",Holy Holy,237080,6R36WcAtweEhKGCJQtD5GY,Maybe You Know,50,5KeQyt1QJBjcutJ2AuLNO2
38,"{'album_type': 'album', 'name': 'Shadowboxer', 'release_date': '2019-03-01', 'total_tracks': 16, 'uri': 'spotify:album:15mgFVCst3upwCnD6LjeWt'}",Mansionair,213515,5whUIe388y2VVpPri5HDUM,Violet City,32,4qOzMSukiZoiSjPQw8Zs7s
39,"{'album_type': 'album', 'name': 'My Own Pool of Light', 'release_date': '2019-08-02', 'total_tracks': 12, 'uri': 'spotify:album:4u59azivupUe4l6CDbwfxf'}",Holy Holy,205287,483bQv3IAEM9oGrhBrQeFm,Teach Me About Dying,49,5KeQyt1QJBjcutJ2AuLNO2
40,"{'album_type': 'single', 'name': 'Technicolour', 'release_date': '2018-06-28', 'total_tracks': 1, 'uri': 'spotify:album:26M5XVhb6PhNaitFwQUxmb'}",Mansionair,200199,3oIflAW8crVuSGYVGkyneC,Technicolour,0,4qOzMSukiZoiSjPQw8Zs7s
41,"{'album_type': 'album', 'name': 'Confident Music for Confident People', 'release_date': '2018-04-13', 'total_tracks': 11, 'uri': 'spotify:album:6DV4JMpsIYZNM76JwUup9I'}",Confidence Man,265280,36HozIsnm27dBj6oM0iQc5,Out the Window,33,0RwXnFrEoI8tltFvYpJgP6
42,"{'album_type': 'single', 'name': 'Falling', 'release_date': '2018-09-12', 'total_tracks': 1, 'uri': 'spotify:album:6KlXag1FmNnqNN0A6Ev2VT'}",Mansionair,203312,3WOBGmIrRHbsqOyecMvcpi,Falling,0,4qOzMSukiZoiSjPQw8Zs7s
43,"{'album_type': 'album', 'name': 'Land Of Pleasure', 'release_date': '2014-08-01', 'total_tracks': 12, 'uri': 'spotify:album:5yAEbZfVzTlk5Uwi1IWZ0O'}",Sticky Fingers,218902,6jj5kO7tFT3ir8WbbVO0iU,Gold Snafu,0,3ZGr7nQBXDU2WhyXgRVbt0
44,"{'album_type': 'album', 'name': 'Shadowboxer', 'release_date': '2019-03-01', 'total_tracks': 16, 'uri': 'spotify:album:15mgFVCst3upwCnD6LjeWt'}",Mansionair,219473,4V4Qjkzj0FBtL16imclZtR,Alibi,38,4qOzMSukiZoiSjPQw8Zs7s
45,"{'album_type': 'album', 'name': 'Internal', 'release_date': '2016-09-09', 'total_tracks': 12, 'uri': 'spotify:album:53FdGlHs0CJutvm6k1FQOe'}",SAFIA,231041,2WLsqo67AQcJzEn98NyiWu,Embracing Me,41,1y07gMlsfAdz2KOvZzyUTB
46,"{'album_type': 'single', 'name': 'Survival in the City', 'release_date': '2018-05-04', 'total_tracks': 1, 'uri': 'spotify:album:7ACsbmd4Bn67UBQL2jWCbF'}",Client Liaison,213917,2QuT7H5ldUSXaH2vLDoFF9,Survival in the City,36,5TjlxSJvfrD5I2PWaEh4jZ
47,"{'album_type': 'album', 'name': 'Paint', 'release_date': '2017-02-24', 'total_tracks': 10, 'uri': 'spotify:album:6J8EzIkd1LeP07kIF77RNz'}",Holy Holy,259964,5RHY7WkAjAhpxuPN0CTd4F,True Lovers,56,5KeQyt1QJBjcutJ2AuLNO2
48,"{'album_type': 'single', 'name': 'Dirt Cheap', 'release_date': '2018-11-02', 'total_tracks': 1, 'uri': 'spotify:album:1RY7mFDbodUZc0Evn8TgWU'}",Lime Cordiale,175126,12tS8W4qtDOiH3XSlhjE6f,Dirt Cheap,43,6yrtCy4XJHXM6tczo4RlTs
49,"{'album_type': 'album', 'name': 'Everything Is Forgotten', 'release_date': '2017-03-03', 'total_tracks': 11, 'uri': 'spotify:album:2dS7vbBMyWi2GEqDPlPyKf'}",Methyl Ethel,302786,6TAxNHUFD5nbP9pMXlONES,Ubu,0,3I3Fz1DeUY0icXFvOjbXm7
50,"{'album_type': 'single', 'name': 'Dominos', 'release_date': '2019-11-01', 'total_tracks': 1, 'uri': 'spotify:album:3tbvmhfb7ejTwiTU8DOsjW'}",Northeast Party House,221486,0jlO3IWUXvPDmxVUkNZvU6,Dominos,31,500YRyClzP6Z7HtWd1BIje
51,"{'album_type': 'album', 'name': 'Permanent Vacation', 'release_date': '2017-10-13', 'total_tracks': 13, 'uri': 'spotify:album:5YlzKbkGoIIFnBOnYwU3kl'}",Lime Cordiale,170726,3bAekCbm7788s6Agmx7oKi,What Is Growing Up?,41,6yrtCy4XJHXM6tczo4RlTs
52,"{'album_type': 'album', 'name': ""Story's Start or End"", 'release_date': '2019-08-09', 'total_tracks': 13, 'uri': 'spotify:album:7JZNSrBxkP5hxxIYfaixsI'}",SAFIA,268000,3bN2xsoz1R9c82XTFYTiMA,Story's Start or End,17,1y07gMlsfAdz2KOvZzyUTB
53,"{'album_type': 'album', 'name': 'Diplomatic Immunity', 'release_date': '2016-11-04', 'total_tracks': 11, 'uri': 'spotify:album:6bVfL15vIzZ2z3inq48yIY'}",Client Liaison,275543,5a1P1cg7sguMXIfir9UMEu,Off White Limousine,0,5TjlxSJvfrD5I2PWaEh4jZ
54,"{'album_type': 'album', 'name': 'Any Given Weekend', 'release_date': '2014-05-16', 'total_tracks': 10, 'uri': 'spotify:album:7hneBMZk8fkf0fQ4eO1Vq9'}",Northeast Party House,241323,1MGjd4nuHMHHVk1yATbZqT,Any Given Weekend,0,500YRyClzP6Z7HtWd1BIje
55,"{'album_type': 'single', 'name': 'Champagne Affection', 'release_date': '2019-11-29', 'total_tracks': 1, 'uri': 'spotify:album:4b4UT70OLamcHX91Om0F4O'}",Client Liaison,228973,5reUpAmA1f62EVf5jRHbwP,Champagne Affection,28,5TjlxSJvfrD5I2PWaEh4jZ
56,"{'album_type': 'single', 'name': 'Does It Make You Feel Good?', 'release_date': '2019-11-18', 'total_tracks': 2, 'uri': 'spotify:album:5TS3pjPpyDTPhIxqyJTXVj'}",Confidence Man,290666,0a0yCnEdCBQzD3Ll1XhU80,Does It Make You Feel Good?,48,0RwXnFrEoI8tltFvYpJgP6
57,"{'album_type': 'single', 'name': 'Live in Life', 'release_date': '2019-11-14', 'total_tracks': 1, 'uri': 'spotify:album:68PBw05kwtOajT9X8uIerJ'}",The Rubens,216447,4ymwtZYIO8jeOeKmUzLH8O,Live in Life,25,2hrWpLNoJcs1EnWSXvB6JI
58,"{'album_type': 'single', 'name': 'Paradise', 'release_date': '2019-10-11', 'total_tracks': 1, 'uri': 'spotify:album:5g5BN0ukd7n4S6QW9qmxDt'}",Golden Features,215253,2xbh5NWAm6zjfeZg3yrwbO,Paradise,53,2SrWifjYv7b5tR8EzEmn1x
59,"{'album_type': 'single', 'name': 'Lost In Yesterday', 'release_date': '2020-01-08', 'total_tracks': 1, 'uri': 'spotify:album:6KJKA9j7EE8xlpizKGGjvE'}",Tame Impala,249586,3eoNUm0LU9hATVVi9w4fM6,Lost In Yesterday,0,5INjqkS1o8h1imAzPqGZBb
60,"{'album_type': 'single', 'name': 'Sending Me Ur Loving', 'release_date': '2020-01-17', 'total_tracks': 1, 'uri': 'spotify:album:4JUcT1r5eSr0B8jhuibVJ1'}",The Jungle Giants,253940,1QwhWld3yDy65MJCeBelCp,Sending Me Ur Loving,55,6wFwvxJkurQPU2UdeD4qVt
61,"{'album_type': 'single', 'name': 'Shelf Life', 'release_date': '2020-01-21', 'total_tracks': 3, 'uri': 'spotify:album:2clNSzu5LTteUuUGHJP4fB'}",Northeast Party House,291653,06Rrhcwq9qBN5RJKpdM0kY,Shelf Life,0,500YRyClzP6Z7HtWd1BIje
62,"{'album_type': 'album', 'name': 'Surrender', 'release_date': '2019-02-01', 'total_tracks': 16, 'uri': 'spotify:album:45uZ5X6Vx5m2hJXZeE2pTD'}",Set Mo,207731,29rCL9v87ccu8LWmFBUPMi,Stuck,0,2rv8IrcIQiFKkdvQAgUTZj
63,"{'album_type': 'single', 'name': 'Good for You', 'release_date': '2019-08-15', 'total_tracks': 1, 'uri': 'spotify:album:1zNLIRhzDNXzEAahx5sgSD'}",Spacey Jane,174760,50ODnqSpPJxnF7ECTdZJRy,Good for You,0,6V70yeZQCoSR2M3fyW8qiA
64,"{'album_type': 'single', 'name': 'Afterthought', 'release_date': '2018-11-14', 'total_tracks': 1, 'uri': 'spotify:album:4rPYkfNpV3i6CoO5d1PSk7'}",Slum Sociable,226945,6DKLYVa951309xN1LBBkpu,Afterthought,0,0J626PVezyRujeAfXAssnH
65,"{'album_type': 'single', 'name': 'Addicted to the Sunshine', 'release_date': '2020-01-31', 'total_tracks': 1, 'uri': 'spotify:album:0XU3RVlRPmguNHy6tXMFoz'}",Lime Cordiale,270837,5ppBE5KFTiTx7JoHQAzr5O,Addicted to the Sunshine,40,6yrtCy4XJHXM6tczo4RlTs
66,"{'album_type': 'album', 'name': 'Surrender', 'release_date': '2019-02-01', 'total_tracks': 16, 'uri': 'spotify:album:45uZ5X6Vx5m2hJXZeE2pTD'}",Set Mo,182950,7yhTeDtf0cYKac3rIO9bgG,Nightmares,0,2rv8IrcIQiFKkdvQAgUTZj
67,"{'album_type': 'single', 'name': 'Awkward', 'release_date': '2011-09-30', 'total_tracks': 1, 'uri': 'spotify:album:6lkDllJCsavtd5vFd7ddue'}",San Cisco,155640,5QkwbUdIcUIu3eyCkDxUv6,Awkward,52,0Ou0138wEd8XWebhc4j7O0
68,"{'album_type': 'single', 'name': 'See Right Through Me', 'release_date': '2016-09-30', 'total_tracks': 2, 'uri': 'spotify:album:52VwVXZGHhE1e62S109wvf'}",Set Mo,239000,0ukqcQFfM9Bb7NnvCNZ8h5,See Right Through Me,39,2rv8IrcIQiFKkdvQAgUTZj
69,"{'album_type': 'single', 'name': 'Reasons', 'release_date': '2020-02-13', 'total_tracks': 1, 'uri': 'spotify:album:1TN4cIHTeLAoL0z2swkuMO'}",San Cisco,192298,0zM6ULyWn3u7ur5t7GkDZT,Reasons,36,0Ou0138wEd8XWebhc4j7O0
70,"{'album_type': 'single', 'name': 'The Desert', 'release_date': '2020-02-21', 'total_tracks': 4, 'uri': 'spotify:album:1DCFTUJGhMfDIv46DZLpoy'}",Northeast Party House,244373,0GvgLVMNCgGXe0Ra9b0K1D,The Desert,0,500YRyClzP6Z7HtWd1BIje
71,"{'album_type': 'album', 'name': 'Surrender', 'release_date': '2019-02-01', 'total_tracks': 16, 'uri': 'spotify:album:45uZ5X6Vx5m2hJXZeE2pTD'}",Set Mo,181967,1ij8FR87kzWHdSgjhNDiSd,Fault Lines,0,2rv8IrcIQiFKkdvQAgUTZj
72,"{'album_type': 'album', 'name': 'This Is Our Vice', 'release_date': '2016-03-04', 'total_tracks': 13, 'uri': 'spotify:album:1Sx23MziCsG194ibSs4Syb'}",Cub Sport,203641,35esL6crd33KHmrpVFHFj4,Come On Mess Me Up,57,6vqMDhoigg5btfdPsPTVFt
73,"{'album_type': 'album', 'name': 'Puddinghead', 'release_date': '2014-04-04', 'total_tracks': 11, 'uri': 'spotify:album:4MF7McyhJT0z7Ce0RuO0Yz'}",Ball Park Music,225800,60UQUTjx171U16a2tijPZB,She Only Loves Me When I'm There,0,1ououJVWgWsHWMYDLvT7sH
74,"{'album_type': 'album', 'name': 'Shelf Life', 'release_date': '2020-02-28', 'total_tracks': 10, 'uri': 'spotify:album:1MuRNoPRyJ5ylxa7h3D8Nm'}",Northeast Party House,229000,7hY5buVsRhay7hB83BqM8M,American Diamond,21,500YRyClzP6Z7HtWd1BIje
75,"{'album_type': 'single', 'name': 'Heavy Weather', 'release_date': '2020-04-22', 'total_tracks': 1, 'uri': 'spotify:album:4uW8RDDvgSoVqcj0QCru34'}",The Rubens,205096,6O1jOgSwNKJTnGUwFMfTcC,Heavy Weather,31,2hrWpLNoJcs1EnWSXvB6JI
76,"{'album_type': 'single', 'name': 'Lucky', 'release_date': '2020-05-20', 'total_tracks': 1, 'uri': 'spotify:album:29hQOfDBBJ2kIVXy5nI0FX'}",PNAU,205703,0Quhzm1B1Z9I5S9RP6BgLh,Lucky,44,6n28c9qs9hNGriNa72b26u
77,"{'album_type': 'single', 'name': 'On The Line', 'release_date': '2020-05-22', 'total_tracks': 1, 'uri': 'spotify:album:0leojPM1AmDhBoY9s2Ut8H'}",San Cisco,300657,4ztnd2IahPRr3wk9FPwiGV,On The Line,32,0Ou0138wEd8XWebhc4j7O0
78,"{'album_type': 'single', 'name': 'Screw Loose', 'release_date': '2020-07-03', 'total_tracks': 1, 'uri': 'spotify:album:3zn4WSeNbrVupnVmoRYNj8'}",Lime Cordiale,254405,7dp10RH9vHZw35hbXmJOps,Screw Loose,38,6yrtCy4XJHXM6tczo4RlTs
79,"{'album_type': 'album', 'name': 'Shelf Life', 'release_date': '2020-02-28', 'total_tracks': 10, 'uri': 'spotify:album:1MuRNoPRyJ5ylxa7h3D8Nm'}",Northeast Party House,241880,6HJA2j5VpVg3pwCKrbep03,Take Tomorrow Faster,33,500YRyClzP6Z7HtWd1BIje
80,"{'album_type': 'album', 'name': 'Atlas', 'release_date': '2013-08-09', 'total_tracks': 11, 'uri': 'spotify:album:6XrWjze1dWVVpSXeUOroZT'}",RÜFÜS DU SOL,242000,21EmgHgjTjFeSyDjCnPZcp,Take Me,22,5Pb27ujIyYb33zBqVysBkj
81,"{'album_type': 'single', 'name': 'Free Of Fear', 'release_date': '2014-01-29', 'total_tracks': 5, 'uri': 'spotify:album:1Qq33y7MjHXddw9rfCFTe8'}",Client Liaison,278732,4Fhr4xXkEzYF4bA9g679E4,That's Desire,22,5TjlxSJvfrD5I2PWaEh4jZ
82,"{'album_type': 'album', 'name': 'SECT', 'release_date': '2018-07-27', 'total_tracks': 10, 'uri': 'spotify:album:6QNW51i8oddn1iN4PgQnzA'}",Golden Features,220590,2zDdinauXLATZMeyk4WnTR,Falling Out,51,2SrWifjYv7b5tR8EzEmn1x
83,"{'album_type': 'album', 'name': 'THE GLOW', 'release_date': '2020-07-10', 'total_tracks': 11, 'uri': 'spotify:album:0bNiJMfkYVwLKP623wRN06'}",DMA'S,256106,2OUHleXIPcB5WkQvFcpzsa,Life Is A Game Of Changing,31,1iUTUix5kea176M0uJTsh4
84,"{'album_type': 'album', 'name': 'Atlas', 'release_date': '2013-08-09', 'total_tracks': 11, 'uri': 'spotify:album:6XrWjze1dWVVpSXeUOroZT'}",RÜFÜS DU SOL,269375,73tvKxFOfdYmRvswnDeWjT,Unforgiven,19,5Pb27ujIyYb33zBqVysBkj
85,"{'album_type': 'single', 'name': 'Is It True', 'release_date': '2020-08-06', 'total_tracks': 1, 'uri': 'spotify:album:5qoQcwi2NBG3yyAhtV8BRx'}",Tame Impala,239266,6dwMb0TRWRmHQje1H5iSzY,Is It True,0,5INjqkS1o8h1imAzPqGZBb
86,"{'album_type': 'album', 'name': 'Atlas (Light / Dark Deluxe Edition)', 'release_date': '2013', 'total_tracks': 23, 'uri': 'spotify:album:3HZKPiOGyFqmLvehf77H47'}",RÜFÜS DU SOL,275493,0PHWXLXOQXGlyUGq7woVFZ,Sundream,67,5Pb27ujIyYb33zBqVysBkj
87,"{'album_type': 'single', 'name': 'Love Language', 'release_date': '2020-08-28', 'total_tracks': 1, 'uri': 'spotify:album:6aGXPQFm5ZGZYqz1ClG6tx'}",Crooked Colours,198961,43Q412QJxCshzh9oIjLgEF,Love Language,42,0aA1GTrIMutjIh4GlPPUVN
88,"{'album_type': 'single', 'name': 'When I Dream', 'release_date': '2018-09-07', 'total_tracks': 1, 'uri': 'spotify:album:39YxgTFlrzRt0w5cU0WHez'}",San Cisco,190472,579j0QRchEajNo11kaaAUx,When I Dream,42,0Ou0138wEd8XWebhc4j7O0
89,"{'album_type': 'album', 'name': '14 Steps To A Better You (Relapse)', 'release_date': '2020-11-13', 'total_tracks': 20, 'uri': 'spotify:album:02aNr9b6HXJKMT4dtcm2aG'}",Lime Cordiale,215719,3tpFmrGk0cmUy4ldBr3fK5,Ticks Me Off,39,6yrtCy4XJHXM6tczo4RlTs
90,"{'album_type': 'single', 'name': 'Falling', 'release_date': '2020-11-13', 'total_tracks': 2, 'uri': 'spotify:album:3PkOQ5jhbCAavcVUT8TgPf'}",Crooked Colours,202433,6bdfM4I40ywx2gOtZjQ7Z6,Falling,32,0aA1GTrIMutjIh4GlPPUVN
91,"{'album_type': 'single', 'name': 'Good Karma Lover', 'release_date': '2020-11-12', 'total_tracks': 1, 'uri': 'spotify:album:6GuORgBRkXYPIHWJvnbqgU'}",Vlossom,180884,7B5VSphXg2EekKkiGHXs7P,Good Karma Lover,33,6fchbydDZlEemGC9wiovuj
92,"{'album_type': 'single', 'name': ""You're In My Head"", 'release_date': '2020-11-12', 'total_tracks': 2, 'uri': 'spotify:album:2OynP38kAonMgKXmTVL5DX'}",Slum Sociable,207151,136dz3do7g7F61AoQRoxNc,You're In My Head,9,0J626PVezyRujeAfXAssnH
93,"{'album_type': 'single', 'name': 'In Her Eyes', 'release_date': '2020-11-17', 'total_tracks': 1, 'uri': 'spotify:album:3R5YCyAaqLEI3UOT38l5ik'}",The Jungle Giants,174401,4JtbUXLuBb8C7q1x7B54ZY,In Her Eyes,44,6wFwvxJkurQPU2UdeD4qVt
94,"{'album_type': 'album', 'name': 'Down To Earth', 'release_date': '2014-10-24', 'total_tracks': 14, 'uri': 'spotify:album:4DqcEZbWf8L1AOYxvDj4He'}",Flight Facilities,259383,7cqXIXlGDslSr5AFjdzaaW,Stand Still,44,1lc8mnyGrCLtPhCoWjRxjM
95,"{'album_type': 'single', 'name': 'River', 'release_date': '2020-12-11', 'total_tracks': 1, 'uri': 'spotify:album:2BwhZaYdOd12lBFPATDOpl'}",PNAU,200503,6vyYiUliVaGVnv5nDnM93F,River,44,6n28c9qs9hNGriNa72b26u
96,"{'album_type': 'single', 'name': 'Juno', 'release_date': '2021-01-15', 'total_tracks': 2, 'uri': 'spotify:album:3FBUS7cN4X3QYo0H6iSxXe'}",Running Touch,183276,3hdJpYy4oLf2wI920Dsq4D,Juno,36,5bdwzvp6eirvqh0TwOwjgE
97,"{'album_type': 'single', 'name': 'Yesteryear', 'release_date': '2020-06-11', 'total_tracks': 1, 'uri': 'spotify:album:4ec8RXuBUknXHrkjpeNNdl'}",Cosmo's Midnight,219795,0u8AnQEMd9W6fDG2UbFjyz,Yesteryear,44,4VivsO1n4n2Mi2Btyb5gfL
98,"{'album_type': 'single', 'name': 'Muddy Evil Pain', 'release_date': '2021-01-27', 'total_tracks': 5, 'uri': 'spotify:album:6ofvhxicFBq8VE6IQHApJw'}",The Rubens,216880,63mQ5xtQEr5fM6nF2E3aE1,Masterpiece,17,2hrWpLNoJcs1EnWSXvB6JI
99,"{'album_type': 'single', 'name': 'Treat You Right', 'release_date': '2021-04-29', 'total_tracks': 1, 'uri': 'spotify:album:4A5ujUcjBtJpi59ul0NZyH'}",The Jungle Giants,221466,5Dv6S0ds5gRUlmUV0kONEL,Treat You Right,35,6wFwvxJkurQPU2UdeD4qVt
